{"cameraMode":{"drawMode":0,"name":"Shaded","section":"Shading Mode"},"sceneLighting":true,"audioPlay":false,"sceneViewState":{"m_AlwaysRefresh":false,"showFog":true,"showSkybox":true,"showFlares":true,"showImageEffects":true,"showParticleSystems":true,"showVisualEffectGraphs":true,"m_FxEnabled":true},"in2DMode":false,"pivot":{"x":1.1206715106964112,"y":0.15355873107910157,"z":-6.886796951293945},"rotation":{"x":-0.11419229954481125,"y":-0.04688587039709091,"z":0.0054230294190347199,"w":-0.992440938949585},"size":0.866025447845459,"orthographic":false}