{"cameraMode":{"drawMode":0,"name":"Shaded","section":"Shading Mode"},"sceneLighting":true,"audioPlay":false,"sceneViewState":{"m_AlwaysRefresh":false,"showFog":true,"showSkybox":true,"showFlares":true,"showImageEffects":true,"showParticleSystems":true,"showVisualEffectGraphs":true,"m_FxEnabled":true},"in2DMode":false,"pivot":{"x":-182.37979125976563,"y":-252.03659057617188,"z":741.0098266601563},"rotation":{"x":-0.16091714799404145,"y":0.11922494322061539,"z":-0.019565558061003686,"w":-0.9796125292778015},"size":414.7149963378906,"orthographic":false}